elite_account,elite_id_str,elite_weight,falsity_score
BarackObama,813286,28.0,0.3425249169435217
HillaryClinton,1339835893,74.16666666666667,0.3413333333333334
MittRomney,50055701,8.75,0.4601941747572814
ScottWalker,33750798,135.375,0.46138613861386146
SenJohnMcCain,19394188,1.0,0.42500000000000004
GovernorPerry,18906561,14.375,0.48139534883720925
BernieSanders,216776631,118.83333333333331,0.3526627218934911
ScottforFlorida,306389855,43.958333333333336,0.46341463414634143
JoeBiden,939091,135.375,0.4262499999999999
tedcruz,23022687,135.04166666666666,0.5619718309859154
GovChristie,90484508,24.666666666666668,0.4137254901960784
SpeakerRyan,18916432,0.7083333333333334,0.4376470588235294
newtgingrich,20713061,134.20833333333334,0.5390243902439025
JebBush,113047940,73.20833333333333,0.35499999999999987
CharlieCrist,38970940,103.75,0.375
SpeakerBoehner,7713202,3.458333333333333,0.47246376811594204
JohnKasich,18020081,16.083333333333332,0.35
RonJohnsonWI,142332083,16.041666666666668,0.4156249999999999
GregAbbott_TX,90651198,93.625,0.446875
SarahPalinUSA,65493023,3.1666666666666665,0.503125
RickSantorum,58379000,10.333333333333334,0.5387096774193548
MicheleBachmann,18217624,1.0,0.6819672131147541
RandPaul,216881337,96.33333333333331,0.3966666666666666
Mike_Pence,22203756,117.58333333333331,0.506896551724138
NRCC,5496932,135.375,0.6
timkaine,172858784,49.583333333333336,0.3107142857142857
SenatorBaldwin,1074518754,135.375,0.3803921568627452
SpeakerPelosi,15764644,111.08333333333331,0.4901960784313726
RudyGiuliani,770781940341288960,131.20833333333334,0.4980392156862745
GovernorDeal,217416964,1.0,0.326530612244898
senrobportman,18915145,135.41666666666666,0.2791666666666667
DWStweets,115979444,44.083333333333336,0.4291666666666666
BillClinton,1330457336,12.416666666666666,0.34545454545454546
RonPaul,287413569,115.66666666666669,0.4390243902439024
GovMikeHuckabee,15416505,87.5,0.47317073170731705
DavidHDewhurst,333533135,0.0416666666666666,0.53
dccc,14676022,135.375,0.6697674418604651
dccc,14676022,135.375,0.6697674418604651
NRSC,5693842,135.41666666666666,0.6256410256410256
SenSherrodBrown,43910797,80.66666666666667,0.28421052631578947
TheDemocrats,14377605,135.41666666666666,0.3526315789473684
FloridaGOP,15444711,131.66666666666666,0.5578947368421052
GOP,11134252,135.41666666666666,0.4666666666666667
DanPatrick,17582355,51.79166666666666,0.4888888888888888
NYGovCuomo,232268199,133.33333333333334,0.2799999999999999
BobMcDonnell,14738157,1.0,0.41714285714285715
SenWarren,970207298,135.375,0.29999999999999993
AlanGrayson,41017380,64.875,0.3647058823529411
JohnCornyn,13218102,135.33333333333334,0.37058823529411766
EricCantor,18891923,0.375,0.4882352941176471
TerryMcAuliffe,19471123,134.45833333333334,0.5235294117647059
GeorgeWill,2255182597,8.375,0.3939393939393939
FlaDems,76027332,132.75,0.4424242424242424
LeaderMcConnell,1249982359,32.0,0.4424242424242425
CoryBooker,15808765,84.70833333333333,0.30625
repmarkpocan,1206227149,135.375,0.31612903225806455
glennbeck,17454769,134.625,0.5741935483870968
SenBillNelson,20597460,9.375,0.32000000000000006
RepGwenMoore,22669526,89.08333333333333,0.4
Reince,20733972,17.875,0.5866666666666667
SecretaryCarson,828613457020870657,33.833333333333336,0.6733333333333333
davidcicilline,23593446,85.91666666666667,0.38620689655172413
KamalaHarris,30354991,134.95833333333334,0.42068965517241375
JoshMandelOhio,35664186,123.29166666666669,0.5172413793103448
Dennis_Kucinich,15022633,5.583333333333333,0.25
maddow,16129920,135.33333333333334,0.4357142857142857
WisDems,27078238,135.20833333333334,0.6499999999999999
wendydavis,355906128,57.04166666666666,0.3851851851851852
MayorOfMKE,1022863572,52.083333333333336,0.4740740740740741
TommyThompsonWI,373545909,14.041666666666666,0.5481481481481482
AllenWest,237403203,126.70833333333331,0.6296296296296297
BetoORourke,342863309,116.91666666666669,0.3307692307692308
billwhitetx,18170523,1.0,0.38461538461538447
georgeallenva,136389258,19.45833333333333,0.4076923076923077
club4growth,14410652,96.66666666666669,0.4307692307692308
THEHermanCain,28587919,100.91666666666669,0.6461538461538462
SenWhitehouse,242555999,135.41666666666666,0.23199999999999987
seanhannity,41634520,134.41666666666666,0.496
Tony4WI,816819836105949184,49.5,0.5519999999999999
MikeBloomberg,16581604,57.04166666666666,0.275
SenatorReid,16789970,2.875,0.5
jeffsessions,986781648,31.25,0.5217391304347826
BruceRaunerHQ,1431100910,1.0,0.5739130434782609
Sen_JoeManchin,234374703,79.75,0.25454545454545463
MarkWarner,7429102,104.375,0.3090909090909091
russfeingold,16742806,39.125,0.4181818181818181
CarlyFiorina,65691824,12.333333333333334,0.509090909090909
KenCuccinelli,26007752,134.875,0.5454545454545454
SeanDuffyWI,234022257,4.333333333333333,0.5727272727272728
NRA,21829541,134.70833333333334,0.5818181818181818
GavinNewsom,11347122,128.25,0.32380952380952377
sendavidperdue,2863210809,15.291666666666666,0.4380952380952381
SenSchumer,17494010,135.41666666666666,0.4380952380952381
BillOReilly,23970102,100.0,0.49523809523809514
Ted_Strickland,34012907,1.125,0.5047619047619046
wisgop,15182074,104.41666666666669,0.5142857142857142
The_RGA,21878458,1.0,0.49
ChrisAbeleMKE,294154735,2.1666666666666665,0.53
AlexSinkFlorida,36151878,1.4166666666666667,0.20000000000000007
RepLloydDoggett,153944899,135.08333333333334,0.231578947368421
JulianCastro,19682187,135.33333333333334,0.2421052631578947
KasimReed,15256841,135.04166666666666,0.26315789473684204
SecPriceMD,829782369670410240,1.0,0.368421052631579
KendrickMeek,24232525,0.0416666666666666,0.43157894736842106
clairecmc,16160352,135.375,0.4421052631578948
CrossroadsGPS,177706730,1.0,0.5263157894736843
PaulBrounMD,18811140,1.0,0.6000000000000001
AFPhq,44209472,55.16666666666666,0.6842105263157895
amyklobuchar,33537967,135.375,0.24444444444444435
paulkrugman,17006157,135.41666666666666,0.24444444444444446
davidaxelrod,244655353,135.375,0.3222222222222223
SenGillibrand,72198806,66.45833333333333,0.34444444444444444
MartinOMalley,15824288,6.5,0.4111111111111112
JonHuntsman,294728278,10.291666666666666,0.4222222222222223
LincolnChafee,89781370,0.0416666666666666,0.43333333333333335
MMFlint,20479813,38.583333333333336,0.4444444444444444
JimRenacci,2337241560,93.45833333333331,0.5
GinaRaimondo,113795716,0.4583333333333333,0.2823529411764706
RoyCooperNC,1712960918,40.5,0.3411764705882352
GovRichardson,31428685,2.958333333333333,0.3529411764705882
George_LeMieux,19269183,0.1666666666666666,0.3764705882352941
kaybaileyhutch,133439172,31.625,0.3882352941176469
GovGaryJohnson,95713333,3.0416666666666665,0.388235294117647
RepGrothman,2976606250,67.79166666666667,0.4
TimPawlenty,23134068,1.5,0.4117647058823528
KarlRove,18791763,5.666666666666667,0.44705882352941173
RonDeSantisFL,487297085,43.125,0.45882352941176463
USChamber,85606078,135.41666666666666,0.5411764705882354
TomCottonAR,343041182,135.25,0.5647058823529412
ChrisJLarson,93440753,104.875,0.611764705882353
JerryBrownGov,19418459,6.708333333333333,0.1499999999999999
BobbyScott,161791703,76.125,0.2875
fredthompson,2704951,1.0,0.35
BarbaraBuono,993956222,41.875,0.375
LamarSmithTX21,15856366,1.0,0.4125
adamputnam,48809111,2.0416666666666665,0.4375
prioritiesUSA,289963138,43.41666666666666,0.4625
MajorityPAC,322691272,26.25,0.55
AnnCoulter,196168350,134.33333333333334,0.6875
OccupyDemocrats,878284831,135.41666666666666,0.6875
SenJeffMerkley,29201047,135.41666666666666,0.21333333333333326
PatrickMurphyFL,261852987,1.875,0.30666666666666664
SamAdamsPDX,18731529,20.666666666666668,0.3866666666666666
PeteButtigieg,226222147,58.875,0.3866666666666667
AmericanXRoads,141990034,1.0,0.5733333333333333
GovKitz,69427169,1.0,0.27142857142857146
RepMarcyKaptur,581141508,34.041666666666664,0.2857142857142857
Jim_Moran,47412499,0.2083333333333333,0.3285714285714285
RoyBlunt,21269970,111.5,0.3571428571428571
JohnnyIsakson,253252536,0.75,0.37142857142857155
MorriseyWV,478733284,90.04166666666667,0.37142857142857155
MoveOn,26657119,135.04166666666666,0.4
ConnieMackIV,23121519,2.25,0.44285714285714284
EricGreitens,24004390,58.75,0.44285714285714284
OHDems,7392352,134.75,0.5
DaveBratVA7th,2279098645,6.041666666666667,0.5857142857142856
SheriffClarke,118845216,124.41666666666669,0.6857142857142857
Randy_Forbes,15160884,1.0,0.21538461538461529
RepMcCaul,26424123,94.83333333333331,0.23076923076923073
donnabrazile,60919240,135.41666666666666,0.2923076923076924
SenatorShaheen,109287731,135.41666666666666,0.32307692307692304
SenatorMenendez,18695134,135.41666666666666,0.3384615384615385
JohnKerry,15007149,6.833333333333333,0.3846153846153846
SenatorDurbin,247334603,135.41666666666666,0.3999999999999999
MikeDeWine,30887511,29.08333333333333,0.41538461538461535
LindseyGrahamSC,432895323,115.04166666666669,0.4307692307692308
JackKingston,36654245,41.708333333333336,0.4307692307692307
JoeNBC,21619519,135.16666666666666,0.4461538461538461
RahmEmanuel,197594920,2.0416666666666665,0.49230769230769234
SenToomey,221162525,33.291666666666664,0.4923076923076922
JBPritzker,45550693,27.45833333333333,0.5076923076923077
PatMcCroryNC,66602794,36.04166666666666,0.5692307692307692
LeahVukmir,28946201,9.291666666666666,0.6923076923076923
replouiegohmert,22055226,35.0,0.7846153846153846
yournewswire,1331194203251101698,1.0,0.9230769230769231
WVGOP,44170811,131.0,0.18333333333333346
TimRyan,466532637,135.20833333333334,0.21666666666666667
RepTomGraves,190328374,10.625,0.29999999999999993
RepHankJohnson,24745957,95.375,0.33333333333333337
SaxbyChambliss,538185166,0.125,0.3666666666666666
SenatorHassan,946549322,128.08333333333334,0.3666666666666666
HawleyMO,2352629311,94.41666666666669,0.41666666666666663
leticiavdp,22322730,4.833333333333333,0.4666666666666667
EdWGillespie,136250134,1.0,0.4833333333333334
willweatherford,107807966,8.333333333333334,0.4833333333333333
RebeccaforReal,41189107,52.708333333333336,0.5
RepRWilliams,1077446982,84.0,0.5166666666666666
CLFSuperPAC,625546219,56.91666666666666,0.5666666666666667
DrPhilGingrey,32506723,0.0416666666666666,0.6000000000000001
MichelleObama,409486555,26.0,0.25454545454545463
RepGoodlatte,37920978,1.0,0.2727272727272727
KellyAyotte,229592356,2.5,0.2909090909090909
JimJusticeWV,3167789983,51.583333333333336,0.3090909090909091
Todd_Staples,38013922,1.1666666666666667,0.36363636363636354
MayorAdler,2300278368,135.20833333333334,0.4363636363636363
TexasGOP,37760670,102.58333333333331,0.4363636363636364
BillPascrell,74508260,135.41666666666666,0.4363636363636364
AndrewGillum,465046121,21.83333333333333,0.4545454545454545
richardcorcoran,42132105,33.125,0.4545454545454546
Senate_Fund,2923138983,20.541666666666668,0.49090909090909096
DrMark_3rdCD_WI,797072326340780033,2.333333333333333,0.5636363636363637
edshow,75052666,1.0,0.5818181818181818
seanspicer,20776147,135.25,0.6
joekyrillos,111687522,1.375,0.5818181818181818
kevinomccarthy,15428227,17.208333333333332,0.5818181818181818
JimDeMint,9508922,133.33333333333334,0.6
Judgenap,29216764,20.33333333333333,0.6363636363636364
KellyannePolls,471672239,63.41666666666666,0.6545454545454545
DonnaHowardTX,112899475,134.875,0.15999999999999992
iamjohnoliver,316389142,5.625,0.15999999999999992
JimWebbUSA,2746932876,0.4583333333333333,0.21999999999999997
Patterson4TX,334219471,54.41666666666666,0.26
RepMarciaFudge,153486399,40.125,0.31999999999999995
BobbyJindal,17078632,35.791666666666664,0.32000000000000006
PamBondi,93755660,8.041666666666666,0.36
billmaher,19697415,23.45833333333333,0.3800000000000001
BarbaraBoxer,15939889,54.208333333333336,0.42000000000000004
NHDems,84183248,135.08333333333334,0.41999999999999993
FalkforWI,417990028,1.0,0.44000000000000006
RepHartzler,237763317,59.91666666666666,0.44000000000000006
SenDarling,102159247,22.375,0.5
MillerForTexas,1967084534,0.7916666666666666,0.54
MarshaSays,1266034103633264641,6.875,0.54
GovHowardDean,603025587,135.33333333333334,0.54
AU4Change,15135675,1.0,0.5599999999999999
mattgaetz,58579942,131.70833333333334,0.5599999999999999
TuckerCarlson,22703645,11.375,0.72
IngrahamAngle,50769180,134.54166666666666,0.74
DonaldJTrumpJr,39344374,134.75,0.78
Jim_Jordan,18166778,135.41666666666666,0.2666666666666666
staceyabrams,216065430,128.83333333333334,0.3555555555555556
ChrisMurphyCT,150078976,135.25,0.3999999999999999
NJSenatePres,916935650,5.5,0.3999999999999999
BillMcCollum,30063865,1.0,0.42222222222222217
dscc,14466538,135.41666666666666,0.42222222222222205
DaleKooyenga,38444843,13.041666666666666,0.42222222222222217
AllanFungRI,878984646,18.125,0.46666666666666656
NikkiHaley,1079776144524754944,135.41666666666666,0.46666666666666656
AlisonForKY,233368344,11.75,0.4666666666666667
ohiogop,15738163,57.208333333333336,0.4666666666666667
IvankaTrump,52544275,54.458333333333336,0.46666666666666656
Kriseman,62009570,133.54166666666666,0.4888888888888887
JeffGreeneFL,1000109039517302785,0.0833333333333333,0.5111111111111112
ThomTillis,22195441,41.29166666666666,0.5111111111111111
PeterWBarca,258618079,1.1666666666666667,0.5333333333333332
SenScottBrown,26820275,25.125,0.5333333333333332
CoryGardner,20879626,13.75,0.5333333333333333
keldahelenroys,92354626,87.29166666666667,0.5555555555555556
JudgeJohnCarter,404355121,22.75,0.6222222222222222
MarthaMcSally,2964949642,36.875,0.6666666666666667
AOC,138203134,135.33333333333334,0.6666666666666667
SenChrisDodd,16317406,0.9583333333333334,0.22499999999999998
ChrisTaylorWI,524733591,2.625,0.22499999999999998
matthewjdowd,288363743,16.541666666666668,0.25
ArmondBudish,334148174,1.0,0.2749999999999999
JoaquinCastrotx,231510077,135.20833333333334,0.2749999999999999
FrankLautenberg,135297032,1.0,0.275
jamieradtke,36553332,0.4166666666666667,0.275
jeffersondsmith,29076826,32.916666666666664,0.2749999999999999
RonWyden,250188760,101.41666666666669,0.2749999999999999
petegallego,69066533,9.416666666666666,0.32499999999999996
GwenGraham,1283359081,135.41666666666666,0.32500000000000007
MichelleNunn,1613681130,69.25,0.32499999999999996
Westmoreland_GA,137407124,0.6666666666666666,0.32499999999999996
Sebelius,2556859698,0.625,0.35
LeaderHoyer,22012091,135.375,0.35
GovKemp,1064659902071808000,105.04166666666669,0.3500000000000001
MichaelSteele,50317463,68.375,0.4
gailcollins,17004139,5.791666666666667,0.375
DavidJollyFL,2178681566,135.29166666666666,0.375
JohnWisniewski,94262891,8.041666666666666,0.375
RepDonBeyer,2962868158,135.375,0.3999999999999999
RepAnnieKuster,1058717720,81.04166666666667,0.4
BettySutton,136042190,2.5416666666666665,0.42499999999999993
LouGreenwald,514557770,11.541666666666666,0.44999999999999996
SenFeinstein,476256944,135.25,0.42499999999999993
Lawrence,158426909,135.25,0.42499999999999993
VinehoutK,499262656,1.0,0.42499999999999993
JeffFitz2012,388528596,1.0,0.5
MayorDanGelber,933407187170463746,29.45833333333333,0.47499999999999987
RepMGriffith,234057152,25.20833333333333,0.5249999999999999
WinOurFuture,426705080,1.0,0.5250000000000001
taxreformer,15075753,135.375,0.575
MickMulvaneyOMB,888031054141022209,0.0416666666666666,0.575
JoinTravisAllen,524832762,0.2083333333333333,0.6
LtGovDanForest,1872523242,12.75,0.6
KenPaxtonTX,45840174,76.20833333333333,0.625
EricHovde,478936540,0.375,0.6000000000000001
HinojosaTX,600408823,0.2916666666666667,0.625
HouseGOP,15207668,135.41666666666666,0.625
NCGOP,14335435,135.375,0.625
RepLanceNJ7,613725908,1.0,0.17142857142857149
chucktodd,50325797,4.75,0.20000000000000007
carter4governor,2176881492,1.0,0.22857142857142854
Robt_Gibbs,1339898366,60.0,0.22857142857142854
SenJackReed,486694111,43.29166666666666,0.22857142857142854
PPFA,402957663,76.75,0.2857142857142857
CaseyCagle,7116142,0.25,0.31428571428571417
JenGranholm,14185317,108.41666666666669,0.31428571428571417
tndp,19916171,134.0,0.31428571428571417
GerryConnolly,78445977,110.0,0.34285714285714275
RichCordray,19637767,2.25,0.34285714285714286
American_Bridge,222481411,135.41666666666666,0.37142857142857133
MahlonMitchell,333150431,23.70833333333333,0.37142857142857133
SecTomPerez,1604366701,1.0,0.37142857142857155
TheJuanWilliams,228747444,61.41666666666666,0.37142857142857155
AndrewYang,2228878592,135.375,0.4
LamarAlexander,21669223,0.0833333333333333,0.4285714285714286
vademocrats,29363230,135.375,0.4285714285714285
TulsiGabbard,26637348,34.125,0.4285714285714286
DonnaCampbellTX,68920859,75.66666666666667,0.4571428571428571
RepMikeRogers,156703580,31.666666666666668,0.4571428571428571
jonstewart,1354898820400877571,6.041666666666667,0.4571428571428572
SenCapito,193794406,125.25,0.4571428571428571
HardballChris,48802204,12.083333333333334,0.4571428571428572
KeithOlbermann,130617778,135.375,0.4571428571428572
RepBonamici,558769636,135.41666666666666,0.48571428571428565
JonHusted,64098343,92.29166666666669,0.48571428571428565
SenTaylor,54635428,6.958333333333333,0.5142857142857142
JayCarney,2577476334,14.583333333333334,0.5142857142857142
joniernst,1383059977,54.375,0.5142857142857142
LoriLightfoot,991509181109817344,51.29166666666666,0.5428571428571428
BradSchimel,1944389695,1.0,0.5714285714285714
ericbolling,14839147,134.20833333333334,0.5714285714285714
BreitbartNews,457984599,135.41666666666666,0.7142857142857143
RepRobertHurt,234837632,0.125,0.6857142857142857
SenBobCorker,73303753,0.5416666666666666,0.19999999999999984
SacBeeEditBoard,112630438,59.583333333333336,0.20000000000000007
repblumenauer,15954997,34.583333333333336,0.2333333333333334
Koster4Missouri,444219274,1.0,0.23333333333333328
CokieRoberts,753246251316043776,1.0,0.29999999999999993
calebrowden,15323106,50.958333333333336,0.29999999999999993
algore,17220934,9.791666666666666,0.33333333333333337
VanJones68,131497030,133.91666666666666,0.33333333333333337
PhillyMayor,4515563482,135.41666666666666,0.33333333333333337
BilldeBlasio,476193064,2.7916666666666665,0.3666666666666667
RepPeterDeFazio,252249233,73.29166666666667,0.3666666666666666
emilyslist,63262233,135.375,0.3666666666666667
SenShilling,588369879,3.9166666666666665,0.3666666666666666
LangevinForRI,155654527,16.833333333333332,0.4
nrlc,22170482,135.41666666666666,0.43333333333333335
lennycurry,23536403,135.29166666666666,0.4666666666666667
ESActionFund,725963557,1.0,0.4666666666666667
NCHouseSpeaker,282219422,49.91666666666666,0.4666666666666667
KevinMNicholson,807081251060543488,43.208333333333336,0.4666666666666667
Rep_Southerland,237781383,1.0,0.4666666666666667
SenatorBerger,44767773,6.375,0.4999999999999999
BobBuckhorn,22671650,67.95833333333333,0.5
arneduncan,4662969794,134.375,0.5
MikeHaridopolos,26256573,18.916666666666668,0.5
RepScottRigell,221793778,1.0,0.5
NARAL,17006036,135.41666666666666,0.5666666666666667
LouDobbs,26487169,128.83333333333334,0.6000000000000001
georgepbush,80136311,69.625,0.6000000000000001
IlhanMN,783792992,134.625,0.6000000000000001
GroverNorquist,16045956,135.33333333333334,0.6333333333333333
FitzgeraldForWI,1169399788539928576,8.875,0.6333333333333333
GovBrewer,40923070,15.458333333333334,0.6666666666666665
SarahHuckabee,5509762,40.41666666666666,0.7333333333333334
JeanneIves,481734931,26.416666666666668,0.7333333333333334
DickSaslaw,277034872,9.5,0.7666666666666666
JohnDePetroshow,22407018,135.375,0.9
KirkPWatson,102792727,46.5,0.08000000000000007
SenatorBennet,224285242,115.20833333333331,0.1200000000000001
nytdavidbrooks,633980404,32.0,0.15999999999999992
RepMcKinley,240427862,84.95833333333333,0.15999999999999992
aronberg,15520209,106.625,0.19999999999999996
StephenAtHome,16303106,26.125,0.19999999999999996
TomColeOK04,23124635,43.458333333333336,0.19999999999999996
KeithFaber,68271578,10.125,0.19999999999999996
JeffFlake,16056306,6.041666666666667,0.19999999999999996
Nate_McMurray,1356368317,135.16666666666666,0.19999999999999996
SenatorBurr,21157904,0.5,0.24
NickKristof,17004618,135.29166666666666,0.24
SenMarkey,21406834,131.54166666666666,0.24
Ojeda4America,2290583342,135.33333333333334,0.24
ariannahuff,21982720,135.41666666666666,0.2799999999999999
MarkObenshain,18804994,23.20833333333333,0.28
RepWilson,234014087,128.70833333333334,0.28
stefcutter,114547989,44.91666666666666,0.32000000000000006
megynkelly,110445334,120.33333333333331,0.31999999999999995
rep89,42658483,21.5,0.32000000000000006
GovParsonMO,1003672320781807616,135.41666666666666,0.32000000000000006
votevets,16513335,135.20833333333334,0.31999999999999995
wvdemocrats,70667943,42.5,0.32000000000000006
AFLCIO,10069612,135.41666666666666,0.3600000000000001
RepKevinBrady,19926675,91.70833333333331,0.36
VernBuchanan,20467163,45.91666666666666,0.36
Jorge_Elorza,1000783368,87.25,0.36
stephenfhayes,69773058,135.29166666666666,0.36
HouseMajPAC,285578853,0.6666666666666666,0.3600000000000001
JoeLieberman,84129740,1.0,0.36
jorgeramosnews,110213431,135.29166666666666,0.3600000000000001
LupeValdez,607721548,4.666666666666667,0.3599999999999999
SilvestreReyes,115111016,1.0,0.4
RepSchrader,20545793,41.458333333333336,0.4
LevarStoney,113191401,58.75,0.4
KatrinaNation,59159771,135.33333333333334,0.4
SenDuckworth,1058520120,129.33333333333334,0.43999999999999995
Hank4Texas,47685057,16.666666666666668,0.43999999999999995
DougJones,239548513,23.20833333333333,0.43999999999999995
SenatorKapenga,3407370712,12.708333333333334,0.44000000000000006
PJK4brainhealth,546820570,59.958333333333336,0.44000000000000006
HeidiHeitkamp,460376288,9.166666666666666,0.48
RepPeteKing,18277655,9.041666666666666,0.5199999999999999
RepJoeBarton,19929362,1.0,0.5199999999999999
Everytown,250386727,135.33333333333334,0.475
Everytown,250386727,135.33333333333334,0.475
TheRevAl,42389136,135.41666666666666,0.5199999999999999
RepDanBishop,1176522535531360257,101.91666666666669,0.5599999999999999
repjohnlewis,29450962,0.4583333333333333,0.5599999999999999
DemGovs,38477209,135.41666666666666,0.6
SenatorKirk,211588974,1.0,0.5599999999999999
tommcclintock,15773898,9.5,0.6
susanamendoza10,22939964,64.125,0.6
GovPhilScott,545107258,100.70833333333331,0.6
gregsteube,21924842,10.166666666666666,0.6
RobWittman,15356407,45.625,0.6
charliekirk11,292929271,135.16666666666666,0.64
ChrisSununu,95943434,8.625,0.64
kevincramer,28267055,4.25,0.64
hughhewitt,15075999,134.33333333333334,0.64
CLewandowski_,4121225056,31.541666666666668,0.6399999999999999
SenDanSullivan,2891210047,40.75,0.64
RepCharlesBass,235289157,1.0,0.6799999999999999
MarkHarrisNC9,1884515737,0.2916666666666667,0.6799999999999999
larryelder,195271137,135.25,0.72
CaptMarkKelly,65707359,81.04166666666667,0.15000000000000002
LCVoters,20517132,135.375,0.15000000000000002
ninaturner,188793260,135.33333333333334,0.15000000000000002
kdeleon,30815935,18.70833333333333,0.19999999999999996
EvansforGeorgia,845091207038558208,51.958333333333336,0.19999999999999996
JayInslee,21789463,28.916666666666668,0.19999999999999996
RepRonKind,112740986,31.33333333333333,0.19999999999999996
JackieSpeier,521731529,1.125,0.19999999999999996
jaketapper,14529929,135.33333333333334,0.20000000000000007
VanHollenForMD,3067974778,3.8333333333333335,0.19999999999999996
RepEscobar,1075517806551154689,135.41666666666666,0.25
davidplouffe,1111940934,31.0,0.25
RepCliffStearns,20088666,1.0,0.25
RepBobGibbs,234822928,24.875,0.30000000000000004
carloslcurbelo,2853309155,123.875,0.29999999999999993
JoeforIndiana,259079896,2.708333333333333,0.29999999999999993
McCreadyForNC,24950622,22.416666666666668,0.30000000000000004
ossoff,521747968,135.33333333333334,0.30000000000000004
CecileRichards,17011177,36.625,0.30000000000000004
DeborahRossNC,3806081652,48.29166666666666,0.30000000000000004
Schwarzenegger,12044602,36.0,0.29999999999999993
RepSheaPorter,126171100,1.0,0.30000000000000004
texasdemocrats,68219213,135.375,0.29999999999999993
RepCohen,162069635,124.5,0.35
GiffordsCourage,587536673,135.16666666666666,0.3666666666666666
GiffordsCourage,587536673,135.16666666666666,0.3666666666666666
IRF_Ambassador,289099943,40.708333333333336,0.35
IronStache,292083207,135.29166666666666,0.35
kayhagan,15572155,1.0,0.35
Glenn_Hegar,83469886,96.95833333333331,0.35
BillKristol,2800581040,135.16666666666666,0.34999999999999987
sethmoulton,248495200,42.125,0.35
GovJayNixon,34308692,1.5833333333333333,0.35
RosenforNevada,4749863113,8.083333333333334,0.35
JudgeCaprio,964236973,1.0,0.4
JohnChiangCA,179615493,0.0416666666666666,0.3999999999999999
keithellison,14135426,134.91666666666666,0.3999999999999999
ChuckGrassley,10615232,90.70833333333331,0.3999999999999999
senorrinhatch,262756641,1.0,0.3999999999999999
MickMcCabe1,402114235,135.25,0.3999999999999999
mitchellreports,89820928,135.41666666666666,0.3999999999999999
RalphNader,77314692,101.08333333333331,0.3999999999999999
SpeakerRalston,459437895,11.541666666666666,0.3999999999999999
randrewwhite,47440498,91.625,0.3999999999999999
michaelcburgess,15751083,130.95833333333334,0.44999999999999996
SenBobCasey,171598736,135.41666666666666,0.44999999999999996
CityofAtlanta,21336038,133.25,0.44999999999999996
CalforNC,92397793,41.75,0.44999999999999996
FPActionFund,2562052399,1.0,0.44999999999999996
AmandaFritzRN,584256712,77.45833333333333,0.44999999999999996
AmandaFritzRN,584256712,77.45833333333333,0.44999999999999996
RepGallagher,815966620300480514,73.41666666666667,0.44999999999999996
NHJennifer,19161570,133.08333333333334,0.44999999999999996
lsptex,58889572,113.625,0.44999999999999996
michellemalkin,15976697,126.25,0.44999999999999996
JudgeTedPoe,74198348,1.0,0.44999999999999996
OregonHouseGOP,34954281,16.75,0.44999999999999996
EddieforTexas,21421710,58.958333333333336,0.44999999999999996
UltraViolet,410249471,135.33333333333334,0.44999999999999996
GFColeman,21336343,9.083333333333334,0.5
WhoopiGoldberg,284602545,4.5,0.5
GinnyBrownWaite,107443213,1.0,0.5
CollierForTexas,1618380482,114.66666666666669,0.5
ForwardWFlynn,917536224193081344,0.2083333333333333,0.5
RepFrankGuinta,236960387,1.0,0.5
lfrusa,16689723,0.1666666666666666,0.5
MattMackowiak,1759181,135.20833333333334,0.5
PatrickMcHenry,27676828,29.875,0.5
MorrisseyForSen,1168873724,1.0,0.5
SylvesterTurner,115105973,135.20833333333334,0.5
kayleighmcenany,259001548,128.29166666666666,0.55
VA_GOP,18978469,132.5,0.55
LorettaSanchez,108376246,0.5416666666666666,0.55
PeterRoskam,20015903,1.0,0.6
JamesCarville,4211625232,8.958333333333334,0.55
cspac,3139505941,1.0,0.5499999999999999
ORDems,22650582,135.125,0.55
AlderMarina14,140908671,1.0,0.55
EWErickson,640893,134.83333333333334,0.55
FocusFamily,111704438,117.375,0.55
jameslankford,27044466,10.125,0.55
JoyAnnReid,49698134,135.375,0.55
SEIU,14695985,135.375,0.55
SierraClub,34113439,135.25,0.55
micaforcongress,562965097,1.0,0.6000000000000001
BoldProgressive,25704351,134.79166666666666,0.6000000000000001
RepGusBilirakis,26051676,64.0,0.6
JacobsNY27,1129376438698807296,1.0,0.6
NickMattielloRI,752518191683923968,2.833333333333333,0.6
GaRepublicans,74482441,100.58333333333331,0.6000000000000001
AAN,108424611,10.291666666666666,0.65
RealJudgeMoore,868239178915610624,7.0,0.65
TedNugent,17879692,6.583333333333333,0.7
carlosberuff,711923136,1.0,0.6499999999999999
RoKhanna,771152516,135.29166666666666,0.65
AdamKinzinger,18004222,93.0,0.65
OBrienForNH,1148777590599143424,1.0,0.65
TNGOP,10102142,36.625,0.65
TPUSA,491719838,135.08333333333334,0.65
realScottWagner,543969777,1.0,0.65
cathieadams,15694058,28.625,0.7
SteveKingIA,48117116,66.08333333333333,0.7
Raul_Labrador,246341769,1.0,0.7
ToniPreckwinkle,66203697,70.08333333333333,0.7
PaulManafort,711188856943411200,0.3333333333333333,0.75
KremlinRussia,158650448,78.45833333333333,0.8
brithume,112047805,133.75,0.75
RepJonRunyan,309267226,1.0,0.75
greggutfeld,28628850,85.125,0.8
toddstarnes,15515169,112.75,0.8
RealCandaceO,878247600096509952,129.58333333333334,0.8
purduemitch,1119798144,0.2916666666666667,0.85
kilmeade,43919633,135.0,0.85
KathleenClyde,336641233,31.33333333333333,0.0
YvetteMB1,342880421,8.166666666666666,0.0
EricHolder,3333055535,18.08333333333333,0.06666666666666676
Public_Citizen,14335586,135.16666666666666,0.06666666666666676
DanaJWachs,1335313891,1.0,0.06666666666666676
XavierBecerra,565469671,48.79166666666666,0.1333333333333333
RichardCodey,102133945,0.2083333333333333,0.1333333333333333
RodneyEllis,23438894,125.45833333333331,0.1333333333333333
LeeMay,17132366,1.9583333333333333,0.1333333333333333
MARCMORIAL,56828100,42.708333333333336,0.1333333333333333
NJEA,37974496,116.83333333333331,0.1333333333333333
RepSchakowsky,85896319,37.625,0.1333333333333333
DeanCannon,16399472,4.458333333333333,0.20000000000000007
Hickenlooper,117839957,66.5,0.20000000000000007
KrisJordanOhio,91145008,1.0,0.20000000000000007
SenatorLucio,214133792,40.583333333333336,0.20000000000000007
NoCasinos,379541080,2.5416666666666665,0.19999999999999984
SenNanOrrock,299751154,34.125,0.20000000000000007
CommishShea,3017752146,72.79166666666667,0.20000000000000007
RepWOLFPress,237418907,1.0,0.20000000000000007
AHIPCoverage,22797378,44.583333333333336,0.2666666666666666
CBlazejewski,143143266,1.0,0.2666666666666666
Tim_Canova,4735385897,73.54166666666667,0.2666666666666666
SecMandyCohen,859383510653689856,1.0,0.2666666666666666
RepCuellar,210926192,57.625,0.2666666666666666
KevinDeWine,13984092,9.916666666666666,0.2666666666666666
johneaves,103692503,0.0833333333333333,0.2666666666666666
texashammond,20721095,12.166666666666666,0.2666666666666666
MarkHerringVA,205299497,112.625,0.2666666666666666
GinaForAustin,737131740,130.125,0.2666666666666666
ewjacksonsr,1050480613,1.0,0.2666666666666666
tedlieu,21059255,135.41666666666666,0.2666666666666666
GovDanMcKee,158238919,63.29166666666666,0.2666666666666666
marcmolinaro,17581393,135.33333333333334,0.2666666666666666
CynthiaNixon,942878337806032901,80.25,0.2666666666666666
onenj,248309094,1.0,0.2666666666666666
ClayPell,39242835,0.0833333333333333,0.2666666666666666
randi61604000,964210964387303424,0.125,0.2666666666666666
louiseslaughter,63169388,1.0,0.2666666666666666
RepJasonSmith,1623308912,60.75,0.2666666666666666
GayleSmith,4362952695,24.125,0.2666666666666666
jontester,16473577,1.2083333333333333,0.2666666666666666
RepRobWoodall,2382685057,4.041666666666667,0.2666666666666666
PaulWorkman,86392440,1.0,0.2666666666666666
OhioAG,1084608373092466688,95.04166666666669,0.2666666666666666
AFPGeorgia,296474643,11.625,0.33333333333333337
SanfordBishop,249410485,20.375,0.33333333333333337
kittyboitnott,941455884,54.91666666666666,0.33333333333333337
ChrisCoons,15324851,131.58333333333334,0.33333333333333337
MarioDB,37094727,63.54166666666666,0.33333333333333337
DelaineEastin,932564756,8.416666666666666,0.33333333333333337
GordonHintz,61878975,52.125,0.33333333333333337
krauthammer,27744185,0.8333333333333334,0.33333333333333337
donlemon,16051471,61.04166666666666,0.33333333333333337
MayorLeppert,226629099,1.0,0.33333333333333337
NancyMcFarlane,288915923,0.2916666666666667,0.33333333333333337
hmcghee,17375057,134.70833333333334,0.33333333333333337
NARALVirginia,65044189,1.0,0.33333333333333337
TheNHRep_party,1312148227966238720,0.5833333333333334,0.33333333333333337
RBReich,148529707,135.41666666666666,0.33333333333333337
repdavidscott,168673083,26.33333333333333,0.33333333333333337
SenatorSinema,1080844782,106.125,0.33333333333333337
SenChrisSmith,46149106,2.1666666666666665,0.33333333333333337
RealBartStupak,884486017692180481,1.125,0.33333333333333337
ericswalwell,377609596,97.54166666666669,0.33333333333333337
TaxFoundation,16686673,135.33333333333334,0.33333333333333337
kathietovo,263246710,18.83333333333333,0.33333333333333337
trimet,5652522,50.625,0.33333333333333337
greta,16031927,135.41666666666666,0.33333333333333337
PeterKinder,7074742,59.333333333333336,0.4
RepJanetAdkins,591495957,1.0,0.4
RobertGBeckel,371465104,17.625,0.4
RepBera,950783972,68.375,0.4
FredClarkWI,289024642,1.0,0.4
NextGenAmerica,1525694971,135.20833333333334,0.4
SenatorCollins,19726613,37.333333333333336,0.4
MikeCollinsGA,1421384162,134.95833333333334,0.4
AGJackConway,30150211,0.0833333333333333,0.4
davidfrum,18686907,135.33333333333334,0.4
JohnGaramendi,18907463,2.875,0.4
DuaneHallNC,502510599,0.0833333333333333,0.4
BillHaslam,26103389,0.8333333333333334,0.4
Ann_Kirkpatrick,272004287,24.45833333333333,0.4
SenLandrieu,413466731,5.25,0.4
repmorgan,1252739204,134.70833333333334,0.4
RalphNortham,331036671,4.708333333333333,0.4
SonnyPerdue,842072478834909184,32.375,0.4
LouRaptakis,112257515,1.0,0.4
JoeSestak,46764631,0.2916666666666667,0.4
MaryTaylorOH,117633137,1.0,0.4
RepMarkWalker,2966205003,104.08333333333331,0.4
marwilliamson,21522338,135.375,0.4
DallasWoodhouse,2212644640,135.29166666666666,0.4
MarkBegich,14354562,0.0833333333333333,0.4666666666666667
Fiorentino2012,483582975,1.0,0.4666666666666667
RepSanfelippo,3002118118,1.7916666666666667,0.4666666666666667
SmithermanTX,342945476,1.0,0.4666666666666667
JeffAtwater,34976385,0.3333333333333333,0.4666666666666667
RepCasten,1083472286089396224,135.375,0.4666666666666667
BarbaraComstock,37481291,135.20833333333334,0.4666666666666667
SenCortezMasto,811313565760163844,135.41666666666666,0.4666666666666667
SenatorJoeCryan,1132179139,41.625,0.4666666666666667
Crimsontider,21610240,133.54166666666666,0.4666666666666667
ZekeEmanuel,1250863636551270400,87.58333333333333,0.4666666666666667
JimFrancesconi,2170618682,1.0,0.4666666666666667
BarneyFrank,1614054846,0.0416666666666666,0.4666666666666667
SenatorHarkin,115733549,1.0,0.4666666666666667
MarkHassOregon,227829941,4.166666666666667,0.4666666666666667
DawsonHodgson,85489661,31.625,0.4666666666666667
sallykohn,18978610,31.20833333333333,0.4666666666666667
loiskolkhorst,50442179,11.25,0.4666666666666667
RayLaHood,1563604279,1.0,0.4666666666666667
JulieMLassa,254666884,3.2916666666666665,0.4666666666666667
madiganm,49863138,0.3333333333333333,0.4666666666666667
Milbank,19608273,33.541666666666664,0.4666666666666667
WISenatorMiller,402905504,20.25,0.4666666666666667
MikeNeedham,7302362,53.04166666666666,0.4666666666666667
StevePoizner,37763479,4.5,0.4666666666666667
RepSondy,361956693,0.1666666666666666,0.4666666666666667
PryorForSenate,1325842705,1.0,0.4666666666666667
StateRepRamos,2396264376,1.0,0.4666666666666667
SenPatRoberts,75364211,15.416666666666666,0.4666666666666667
AustinScott4GA,31191969,1.2916666666666667,0.4666666666666667
RodSmithFL,704693006151106560,1.0,0.4666666666666667
RepMikeTurner,51228911,47.375,0.4666666666666667
saynoamendment2,2482817143,1.0,0.4666666666666667
RepAnnWagner,1051446626,26.58333333333333,0.4666666666666667
Vanwanggaard,447247863,9.875,0.4666666666666667
We_Are_Ohio,279097639,18.70833333333333,0.4666666666666667
MegWhitman,20733756,1.0,0.4666666666666667
RepTedYoho,1071900114,13.166666666666666,0.4666666666666667
DonZimmermanATX,3027822865,1.0,0.4666666666666667
RepVernonJones,900021957424447488,1.0,0.5333333333333334
SenJohnThune,296361085,60.083333333333336,0.5333333333333334
jenbecknj,132939070,0.2916666666666667,0.5333333333333334
WhipClyburn,188019606,121.66666666666669,0.5333333333333332
RepDougCollins,1060487274,53.083333333333336,0.5333333333333332
RepDanCrenshaw,1080894931311431682,32.708333333333336,0.5333333333333334
DavidCrowleyWI,89282229,50.458333333333336,0.5333333333333332
ChetEdwards,108832418,1.0,0.5333333333333334
RepFleming,84620376,1.0,0.5333333333333334
RepHolding,1058460818,2.458333333333333,0.5333333333333334
NTU,15029174,107.04166666666669,0.5333333333333334
DevinNunes,54412900,11.25,0.5333333333333334
KathleenMPeters,545955539,2.0416666666666665,0.5333333333333332
RepPittenger,950328072,3.4166666666666665,0.5333333333333334
JimRubens,1470960901,13.208333333333334,0.5333333333333332
MarkSanford,28423263,8.25,0.5333333333333334
jimsteineke,33801008,72.58333333333333,0.5333333333333334
JayHottinger,1330714418,135.20833333333334,0.6000000000000001
DrJillStein,111216929,25.45833333333333,0.6000000000000001
RepTiffany,1267841066335682562,23.166666666666668,0.5999999999999999
RealJamesWoods,78523300,133.25,0.6000000000000001
ellynbogdanoff,42061954,1.0,0.6000000000000001
BruceBraley,29293808,1.0,0.5999999999999999
JohnDelaney,426028646,69.25,0.5999999999999999
GeorgiaDemocrat,74568060,133.875,0.6000000000000001
FriedmanKinky,1271382870729211904,30.666666666666668,0.6000000000000001
Franklin_Graham,44945327,135.41666666666666,0.6000000000000001
JeffJacksonNC,124820305,115.83333333333331,0.6000000000000001
RepRonKlein,150688795,1.0,0.5999999999999999
MayorLevine,1281274039,10.166666666666666,0.5999999999999999
MarinoPA10,2831788290,1.0,0.6000000000000001
RepJimMcDermott,132201224,1.0,0.6000000000000001
MarkMeadows,963480595,61.958333333333336,0.6000000000000001
StephenMoore,2304017702,18.75,0.6000000000000001
JohnMorganESQ,223223376,120.58333333333331,0.6000000000000001
RepGregMurphy,1173978070535024642,68.625,0.5999999999999999
travisrowley,157526077,12.75,0.6000000000000001
GovMattBevin,3141213592,1.0,0.6666666666666667
StaceyCampfield,479665871,1.0,0.6666666666666667
Kathleen_Ford,21425074,1.0,0.6666666666666667
SheriGalloD10,2578682947,1.0,0.6666666666666667
claudiatenney,756285384,135.08333333333334,0.6666666666666667
RealJTP,30865013,2.958333333333333,0.6666666666666667
JoinScott,100549229,1.0,0.6666666666666667
FloridaEA,21102126,82.625,0.6666666666666667
RepTomGarrett,818460870573441028,0.0833333333333333,0.6666666666666667
KimGuadagnoNJ,3025266412,6.833333333333333,0.6666666666666667
HCAN,16674443,113.04166666666669,0.6666666666666667
JacksonLeeTX18,80612021,114.25,0.6666666666666667
RepBillJohnson,211530910,53.41666666666666,0.6666666666666667
SheriffSJones,4253672233,2.5416666666666665,0.6666666666666667
JudicialWatch,18247062,135.41666666666666,0.6666666666666667
VotePaulJunge,1194792199004868610,4.458333333333333,0.6666666666666667
KeanForCongress,1093918214181060609,29.416666666666668,0.6666666666666667
RIDemChair,2821304014,1.0,0.6666666666666667
JimPatterson559,489087014,31.791666666666668,0.6666666666666667
tomperriello,14384907,120.41666666666669,0.6666666666666667
ralphreed,18994290,44.75,0.6666666666666667
RepShankland,1342952312,3.875,0.6666666666666667
60PlusAssoc,94197072,103.5,0.7333333333333334
DrDavidAlameel,2279206304,1.0,0.7333333333333334
AFPFlorida,146250466,47.5,0.7333333333333334
RepLoisFrankel,1077121945,130.875,0.7333333333333334
FreedomPartners,90252949,1.0,0.7333333333333334
larrypratt,18206234,1.0,0.7333333333333334
restorationpac,1571124337,66.0,0.7333333333333334
RepRibble,234053893,61.583333333333336,0.7333333333333334
JeffTittel,1356715409806938116,0.375,0.7333333333333334
SenatorJKruse,302181465,1.0,0.8
adler_shelley,1352351501562343424,0.1666666666666666,0.7333333333333334
PaulBegala,352548417,135.29166666666666,0.7333333333333334
JohnStemberger,65309560,113.83333333333331,0.7333333333333334
DonBlankenship,48762458,18.166666666666668,0.7999999999999999
GretchenCarlson,1487846678,127.08333333333331,0.7999999999999999
BillCassidy,55677432,29.125,0.7999999999999999
MJGardinerLaw,88497498,1.0,0.7999999999999999
KatiePavlich,48459553,135.29166666666666,0.7999999999999999
DanaPerino,27311044,134.875,0.7999999999999999
DineshDSouza,91882544,135.29166666666666,0.7999999999999999
MattForMontana,1376252790,13.666666666666666,0.8666666666666667
DarrellIssa,22509548,32.791666666666664,0.7999999999999999
ElectBergmann,93303821,43.0,0.8666666666666667
RepBerman,158786493,1.0,0.8666666666666667
SteveDoocy,22055109,0.0833333333333333,0.8666666666666667
RobertGMarshall,19859403,1.0,0.8666666666666667
RonRamsey,16425672,1.125,0.8666666666666667
VictoriaTaft,22049571,118.66666666666669,0.8666666666666667
Pat_Boone,16690003,14.25,0.9333333333333333
SebGorka,2417586104,134.79166666666666,0.9333333333333333
SykesCharlie,95463107,135.41666666666666,0.9333333333333333
worldnetdaily,43969372,135.41666666666666,0.9333333333333333
ElectLinda,110520018,1.0,0.0
wildlifeaction,22819917,94.875,0.0
RepDaveJoyce,976969338,47.083333333333336,0.0
jonkarl,15931637,135.29166666666666,0.0
RepMaloney,258900199,135.375,0.0
AP,51241574,135.41666666666666,0.0
gssasse,1015781995,121.04166666666669,0.0
georgevoinovich,454953162,1.0,0.0
APIenergy,15646547,135.375,0.09999999999999998
repamstutz,55987310,0.5,0.09999999999999998
Banstetter,48754554,5.291666666666667,0.09999999999999998
bobbarr,14295496,23.916666666666668,0.09999999999999998
BGTX,1198663765,26.291666666666668,0.09999999999999998
FullFrontalSamB,3420477195,135.41666666666666,0.09999999999999998
TeamBettencourt,2864015602,25.666666666666668,0.09999999999999998
wolfblitzer,71294756,129.0,0.09999999999999998
RandolphBracy,348483866,9.541666666666666,0.09999999999999998
ianbremmer,60783724,135.41666666666666,0.09999999999999998
CDCgov,146569971,135.41666666666666,0.09999999999999998
jay_chaudhuri,484121225,33.166666666666664,0.09999999999999998
henrygcisneros,906244394600235011,8.875,0.09999999999999998
cupvf,1048227460729491457,34.916666666666664,0.09999999999999998
DrJamesCDobson,113527917,13.708333333333334,0.09999999999999998
RanaForoohar,468823008,83.79166666666667,0.09999999999999998
friasforrep,745680541253570561,1.375,0.09999999999999998
FultonHealth,80875046,37.0,0.09999999999999998
GeorgiaLottery,117619738,66.45833333333333,0.09999999999999998
GabbyGiffords,44177383,76.625,0.09999999999999998
nflcommish,34104616,0.2916666666666667,0.09999999999999998
mjhegar,3021460584,80.75,0.09999999999999998
RepSteveIsrael,20002401,16.208333333333332,0.09999999999999998
JacksonforNC,114338937,9.791666666666666,0.09999999999999998
ArtheniaJoyner,3003470032,1.0,0.09999999999999998
JohnKingCNN,30043495,31.875,0.09999999999999998
SethMagaziner,1434052620,55.583333333333336,0.09999999999999998
RepSeanMaloney,1072467470,60.0,0.09999999999999998
TimMcGinty,399064249,1.0,0.09999999999999998
DMiliband,75896448,78.54166666666667,0.09999999999999998
matthewamiller,55948054,75.95833333333333,0.09999999999999998
BeeMoorhead,19628884,38.91666666666666,0.09999999999999998
MichaelJMorell,1966814653,10.416666666666666,0.09999999999999998
NAACP,44988185,135.33333333333334,0.09999999999999998
RepScottPeters,1135486501,71.66666666666667,0.09999999999999998
porterforga,35579309,1.0,0.09999999999999998
ProgressOhio,15447566,32.625,0.09999999999999998
KevinRader,93695769,0.0416666666666666,0.09999999999999998
LarrySabato,21313053,135.25,0.09999999999999998
RobertSarvisVA,293283129,11.166666666666666,0.09999999999999998
davidsimpsontx,106743376,4.958333333333333,0.09999999999999998
brettsmiley,76130108,35.75,0.09999999999999998
neeratanden,125453969,134.75,0.09999999999999998
TFFVA,18147727,19.541666666666668,0.09999999999999998
JusticeWillett,82687751,1.0,0.09999999999999998
SenBlumenthal,278124059,135.375,0.19999999999999996
RepJohnBoccieri,4878450075,1.25,0.19999999999999996
CCCasagrande1,23111763,2.375,0.19999999999999996
USRepKCastor,1880674038,135.41666666666666,0.19999999999999996
JoeCrowleyNY,111635980,10.125,0.19999999999999996
secupp,19268706,135.41666666666666,0.19999999999999996
jdbalart,49733381,135.33333333333334,0.19999999999999996
CarlosGSmith,32313637,135.125,0.19999999999999996
SupJaniceHahn,339852137,104.875,0.19999999999999996
chrislhayes,4207961,135.29166666666666,0.19999999999999996
CarlHeastie,383566622,40.625,0.19999999999999996
marycjordan,46122873,45.5,0.19999999999999996
SwampyLatvala,898239525431934976,1.0,0.19999999999999996
RepBarbaraLee,248735463,125.20833333333331,0.19999999999999996
LogCabinGOP,36588739,29.20833333333333,0.19999999999999996
LopezCantera,166401351,25.541666666666668,0.19999999999999996
desmondmeade,156612878,37.625,0.19999999999999996
RepCarolMiller,1081318716573470720,51.708333333333336,0.19999999999999996
RobbyMook,3153892631,3.583333333333333,0.19999999999999996
PattyMurray,293131808,135.41666666666666,0.19999999999999996
mmo_mary,989172318,0.9583333333333334,0.19999999999999996
jpaceDC,28181835,1.0,0.19999999999999996
AllenPeake,28417875,13.625,0.19999999999999996
SteveRattner,401625957,82.41666666666667,0.19999999999999996
RJC,39510422,135.29166666666666,0.19999999999999996
KimReynoldsIA,31591773,35.041666666666664,0.19999999999999996
RightToRiseNUSA,770010151281647616,0.0416666666666666,0.19999999999999996
Eugene_Robinson,59031230,21.83333333333333,0.19999999999999996
hilaryr,15097615,21.20833333333333,0.19999999999999996
RosLehtinen,14275291,39.79166666666666,0.19999999999999996
chiproytx,1257667158,134.16666666666666,0.19999999999999996
PaulASarlo,82900695,15.291666666666666,0.19999999999999996
SarahKSilverman,30364057,134.79166666666666,0.19999999999999996
taylorswift13,17919972,11.75,0.19999999999999996
MarkUdall,8128442,0.0416666666666666,0.19999999999999996
GovCTW,45009355,44.0,0.19999999999999996
DrGiroir,1299856260,12.25,0.19999999999999996
clayaiken,45924487,7.291666666666667,0.30000000000000004
austintexasgov,40994985,123.45833333333331,0.30000000000000004
GeorgeLBarker,425427122,12.833333333333334,0.30000000000000004
SenJohnBarrasso,202206694,82.25,0.30000000000000004
OregonGovBrown,3023272478,135.41666666666666,0.30000000000000004
EricBurlison,17993908,18.33333333333333,0.30000000000000004
cmoneywatch,201723456,1.0,0.30000000000000004
RIGovernor,107195011,1.0,0.30000000000000004
SteveCrisafulli,939819919,0.1666666666666666,0.30000000000000004
KikiCurls,30384520,0.0416666666666666,0.30000000000000004
RepDianaDeGette,28599820,42.958333333333336,0.30000000000000004
RepTedDeutch,137794015,113.875,0.30000000000000004
ShaunDonovanNYC,821440539367272448,62.208333333333336,0.30000000000000004
timechols,15926176,135.33333333333334,0.30000000000000004
teresa_fedor,2165364858,78.0,0.30000000000000004
fightfortheftr,382376904,135.125,0.30000000000000004
RepFletcher,1075904377221722113,79.29166666666667,0.30000000000000004
Francis4Raleigh,877064289294589952,1.0,0.30000000000000004
nicolergalloway,281633898,69.83333333333333,0.30000000000000004
RepGarrett,960696949,1.0,0.30000000000000004
JennetteGayer,250698326,4.958333333333333,0.30000000000000004
charliegeren,356903515,91.375,0.30000000000000004
Giannoulias,71360328,42.25,0.30000000000000004
rulajebreal,340418291,135.08333333333334,0.30000000000000004
dankaufman70,3315961727,16.083333333333332,0.30000000000000004
Kip_Kendrick,2198551928,103.41666666666669,0.30000000000000004
ChrisKingFL,837409894294749185,29.125,0.30000000000000004
SenatorKnopp,524643400,3.1666666666666665,0.30000000000000004
SenMikeLee,88784440,57.458333333333336,0.30000000000000004
LIBREinitiative,310424310,35.083333333333336,0.30000000000000004
RichLowry,40116885,133.25,0.30000000000000004
GovMalloyOffice,234141596,1.0,0.30000000000000004
ChadMayes,1332046980,70.04166666666667,0.30000000000000004
jess_mc,18586983,135.125,0.30000000000000004
RepMullin,1060370282,70.33333333333333,0.30000000000000004
RepJerryNadler,40302336,72.875,0.30000000000000004
joenegronfl,38778628,1.0,0.30000000000000004
NumbersUSA,19563355,135.41666666666666,0.30000000000000004
OFA,1098310873037316097,1.0,0.30000000000000004
OFA,1098310873037316097,1.0,0.30000000000000004
DevalPatrick,61636488,41.125,0.30000000000000004
DavidForGeorgia,1527797431,1.0,0.30000000000000004
AnitaPerryTX,24724263,1.0,0.30000000000000004
watchdogwilliam,3537275296,82.125,0.30000000000000004
johnpodesta,1071777608,7.041666666666667,0.30000000000000004
congbillposey,25086658,7.25,0.30000000000000004
RepDavidEPrice,155669457,84.79166666666667,0.30000000000000004
crystal_quade,3188152800,134.125,0.30000000000000004
EllenRosenblum,451639706,17.666666666666668,0.30000000000000004
mattrothschild,14139600,0.4583333333333333,0.30000000000000004
MariaSachs,82972068,0.375,0.30000000000000004
steveschale,20616741,135.41666666666666,0.30000000000000004
RepSchneider,1071840474,65.83333333333333,0.30000000000000004
JudgeScrenock,885191461758795776,1.0,0.30000000000000004
CincySeitz,389189554,4.291666666666667,0.30000000000000004
SenateDems,73238146,135.41666666666666,0.30000000000000004
cody4mo,715623359631896576,4.75,0.30000000000000004
SenTinaSmith,941000686275387392,64.70833333333333,0.30000000000000004
RepSpanberger,1078771401497161728,122.08333333333331,0.30000000000000004
GeneSperling46,1394017973480853504,9.375,0.30000000000000004
SenStroebel,3195865372,22.541666666666668,0.30000000000000004
ssurovell,16451101,135.20833333333334,0.30000000000000004
dekalblikesmike,4892825752,1.0,0.30000000000000004
NJSenTurner,146980282,0.2916666666666667,0.30000000000000004
LauraDTyson,329923532,8.708333333333334,0.30000000000000004
Uber,19103481,135.41666666666666,0.30000000000000004
ActionAidUK,14382779,127.66666666666669,0.30000000000000004
Paulvallas,599742462,27.375,0.30000000000000004
jimwaldman,19717169,1.0,0.30000000000000004
MSF_USA,14755492,107.54166666666669,0.30000000000000004
justinamash,233842454,134.95833333333334,0.4
RepBalderson,1037341536592310272,66.70833333333333,0.4
RepBeatty,1531521632,135.25,0.3999999999999999
JonBramnick,23365981,27.416666666666668,0.3999999999999999
CorrineBrownCon,3939631775,1.0,0.4
GovernorBullock,111721601,24.95833333333333,0.3999999999999999
CarstarphenMJ,2453629610,28.33333333333333,0.4
CarterForTexas,367507393,1.0,0.4
UChivukulaNJ,564866637,1.0,0.3999999999999999
LindaForNC,488560862,1.0,0.3999999999999999
ConcernedVets,540122045,46.833333333333336,0.3999999999999999
DoreenCostaRI,2360293130,1.0,0.4
mcuban,16228398,107.58333333333331,0.3999999999999999
ItsInDeKalb,2338351370,22.416666666666668,0.3999999999999999
RepValDemings,798973032362606600,135.41666666666666,0.3999999999999999
DesJarlaisTN04,235312723,19.45833333333333,0.3999999999999999
empowertexans,2980904372,25.20833333333333,0.3999999999999999
JerryFalwellJr,31628934,9.583333333333334,0.4
FlaCathBps,385637502,36.29166666666666,0.3999999999999999
NikkiFried,37190669,134.875,0.3999999999999999
MarilindaGarcia,715059638,1.0,0.3999999999999999
dangecker,60428007,1.0,0.4
davidgregory,20608910,1.25,0.3999999999999999
kidservative,741335356197330944,1.0,0.3999999999999999
RepEBJ,168502762,35.541666666666664,0.4
JasonKander,20744708,135.375,0.3999999999999999
gary_kelly,3128022438,6.333333333333333,0.3999999999999999
Koenig4MO,605754185,10.5,0.3999999999999999
DanielKohl18,2889570262,38.583333333333336,0.4
ovidein2010,65360070,1.0,0.4
LesniakSenator,1038821264037695489,13.75,0.4
EvaLongoria,110827653,47.04166666666666,0.4
NitaLowey,221792092,12.958333333333334,0.4
KathyManningNC,936626346553413633,29.83333333333333,0.4
JoshMcKoon,15921327,1.0,0.4
cathymcmorris,17976923,56.16666666666666,0.4
SaraMeaney,15823044,5.25,0.4
AriMelber,15441965,121.16666666666669,0.4
MomsDemand,1017637447,135.33333333333334,0.3999999999999999
NJSierraClub,237873737,20.125,0.4
ohiolife,31896742,102.75,0.3999999999999999
stevenoroho,111073776,15.333333333333334,0.3999999999999999
porszag,138799178,21.25,0.4
peta,9890492,135.41666666666666,0.4
GaryPeters,145292853,37.583333333333336,0.4
PresenteOrg,45744578,135.33333333333334,0.4
larrypressler,2389851715,0.5416666666666666,0.4
donpridemore,140480873,1.0,0.4
rwbfund,436952359,1.0,0.4
TomRooney,23970171,62.208333333333336,0.3999999999999999
RepAdamSchiff,29501253,38.958333333333336,0.4
HowardSchultz,807442387,1.0,0.3999999999999999
amyschumer,55117855,4.833333333333333,0.4
peterschweizer,62876780,109.625,0.4
SecureAmerica,249368015,85.375,0.3999999999999999
GlenSturtevant,613974907,2.0,0.4
UnitedForCare,24555965,1.0,0.3999999999999999
Renee_Unterman,904103803,8.208333333333334,0.4
EmmaWatson,166739404,3.6666666666666665,0.4
WISenateDems,3798787756,88.08333333333333,0.3999999999999999
JDWootenNC,895590731150118913,8.541666666666666,0.3999999999999999
DanaYoungFL,74282530,5.083333333333333,0.4
DebbieforFL,750046943905058816,135.41666666666666,0.4
BoyceforOhio,38659933,1.0,0.5
POTUS45,822215679726100480,32.541666666666664,0.6462253193960511
SecretaryPerry,830128820447539208,1.0,0.48139534883720925
SenSanders,29442313,74.0,0.3526627218934911
SenRickScott,131546062,135.41666666666666,0.46341463414634143
SenRubioPress,229966028,135.41666666666666,0.43374999999999997
SenTedCruz,1074480192,135.41666666666666,0.5619718309859154
RepCharlieCrist,816030424778543104,63.91666666666666,0.375
SenRonJohnson,233737858,75.79166666666667,0.4156249999999999
GovAbbott,19291441,74.45833333333333,0.446875
TeamBachmann,16446177,1.0,0.6819672131147541
DrRandPaul,39834947,1.7083333333333333,0.3966666666666666
VP45,818910970567344128,29.916666666666668,0.506896551724138
tammybaldwin,87510313,18.041666666666668,0.3803921568627452
TeamPelosi,2461810448,135.04166666666666,0.4901960784313726
robportman,2612307559,2.75,0.2791666666666667
RepDWStweets,1140648348,68.95833333333333,0.4291666666666666
NRSC_Rapid,1359219252461502464,19.25,0.6256410256410256
SherrodBrown,24768753,9.125,0.28421052631578947
andrewcuomo,2513761008,18.416666666666668,0.2799999999999999
ewarren,357606935,124.625,0.29999999999999993
SenBooker,2167097881,70.54166666666667,0.30625
MarkPocan,309070309,128.125,0.31612903225806455
RealBenCarson,1180379185,8.416666666666666,0.6733333333333333
MaddowBlog,91180720,135.375,0.4357142857142857
SheldonforRI,770121222,21.416666666666668,0.23199999999999987
GovEvers,234896532,121.54166666666669,0.5519999999999999
GovRauner,2862555526,1.0,0.5739130434782609
MarkWarnerVA,409719505,26.45833333333333,0.3090909090909091
HomelandKen,1139166385966374913,96.0,0.5454545454545454
Perduesenate,1397501864,1.0,0.4380952380952381
LloydDoggettTX,170111219,39.458333333333336,0.231578947368421
McCaskillOffice,57065141,1.0,0.4421052631578948
SenAmyKlobuchar,22044727,37.25,0.24444444444444435
gillibrandny,899978622416695297,75.625,0.34444444444444444
RepJimRenacci,236916916,1.0,0.5
GovRaimondo,240778059,30.125,0.2823529411764706
NC_Governor,813792250497028102,135.41666666666666,0.3411764705882352
GrothmanforWI,2432952828,9.833333333333334,0.4
GovRonDeSantis,1058807868,84.875,0.45882352941176463
SenTomCotton,968650362,78.95833333333333,0.5647058823529412
BobbyScott4VA3,319829219,7.0,0.2875
JeffMerkley,223166587,53.79166666666666,0.21333333333333326
SecretaryPete,1356958547603513346,71.04166666666667,0.3866666666666667
Marcy_Kaptur,480872337,2.0416666666666665,0.2857142857142857
RoyBluntMO,389554914,1.7083333333333333,0.3571428571428571
SenatorIsakson,78403308,0.9583333333333334,0.37142857142857155
McCaulforTexas,743601590,36.958333333333336,0.23076923076923073
JeanneShaheen,14125897,35.041666666666664,0.32307692307692304
ClimateEnvoy,1351716580720316417,20.33333333333333,0.3846153846153846
GovMikeDeWine,18820392,135.41666666666666,0.41538461538461535
MayorRahm,306304686,1.0,0.49230769230769234
PatToomey,26062385,0.0833333333333333,0.4923076923076922
GovPritzker,1084817523378454529,135.375,0.5076923076923077
LouieGohmertTX1,4827594804,9.875,0.7846153846153846
RepTimRyan,13491312,97.5,0.21666666666666667
ReElectHank,97583689,38.708333333333336,0.33333333333333337
Maggie_Hassan,361569788,28.375,0.3666666666666666
PascrellforNJ,515736574,61.41666666666666,0.4363636363636364
AFSCME,14240875,135.33333333333334,0.49090909090909074
AFSCME,14240875,135.33333333333334,0.49090909090909074
GOPLeader,19739126,135.41666666666666,0.5818181818181818
mlfudge,18829123,4.583333333333333,0.31999999999999995
AGPamBondi,20459404,1.0,0.36
SenatorBoxer,15442036,1.0,0.42000000000000004
MarshaBlackburn,278145569,135.41666666666666,0.54
RepMattGaetz,818948638890217473,133.95833333333334,0.5599999999999999
SenKooyenga,788390732889526272,10.416666666666666,0.42222222222222217
KySecofState,17871144,1.0,0.4666666666666667
SenThomTillis,2964174789,68.75,0.5111111111111111
SenCoryGardner,235217558,26.25,0.5333333333333333
JudgeCarter,18030431,63.04166666666666,0.6222222222222222
MarthaMcSallyAZ,482450423,24.20833333333333,0.6666666666666667
RepAOC,1079104563280527364,50.41666666666666,0.6666666666666667
Castro4Congress,323440720,82.33333333333333,0.2749999999999999
WydenPress,292495654,8.458333333333334,0.2749999999999999
SecSebelius,1023020557,1.0,0.35
StenyHoyer,266719387,12.166666666666666,0.35
BrianKempGA,47437206,50.583333333333336,0.3500000000000001
DonBeyerVA,2319503065,27.58333333333333,0.3999999999999999
MorganGriffith,130714799,3.7916666666666665,0.5249999999999999
WisconsinMC,112291006,65.5,0.4285714285714286
FlChamber,50702694,75.20833333333333,0.43333333333333324
SharronAngle,45528439,1.0,0.4999999999999999
ISAACforTexas,46278119,40.333333333333336,0.5333333333333332
other98,124234862,104.04166666666669,0.5666666666666667
ProgressTX,245347370,135.33333333333334,0.7
ChairmanEdCox,3364353053,92.75,0.15999999999999992
SpeakerStraus,18772406,4.708333333333333,0.19999999999999996
gordongee,24164958,10.833333333333334,0.31999999999999995
JonErpenbach,38470841,46.54166666666666,0.43999999999999995
fortforatlanta,2317842607,1.0,0.52
MacIverWisc,21327536,135.16666666666666,0.5599999999999999
PatriotMajority,66714280,1.5,0.5599999999999999
markzaccaria,107551743,1.0,0.5599999999999999
NJDSC,159124223,80.66666666666667,0.64
AmFutureFund,14513239,11.708333333333334,0.6799999999999999
JeffreyBrandes,148305299,92.20833333333331,0.15000000000000002
PPSConnect,403012191,93.20833333333331,0.15000000000000002
JeffKottkamp,56910690,1.0,0.29999999999999993
OurOregon,239666465,0.9583333333333334,0.34999999999999987
LarsLarsonShow,26808497,132.91666666666666,0.3999999999999999
backtobasicspac,161402626,1.0,0.55
TXRightToLife,104893909,92.95833333333331,0.6
ChristineOD,40745568,1.0,0.7
FuturePAC_OR,755204234853818368,0.0833333333333333,0.7
AmerComm,552744336,0.75,0.75
AGBecerra,133832049,64.08333333333333,0.1333333333333333
janschakowsky,24195214,135.41666666666666,0.1333333333333333
SenatorHick,1318728336923787264,49.75,0.20000000000000007
VoteForBrigid,1382785230,31.041666666666668,0.20000000000000007
CuellarCampaign,1239664741,11.75,0.2666666666666666
RepTedLieu,3044993235,105.41666666666669,0.2666666666666666
JasonSmithMO,26653478,24.33333333333333,0.2666666666666666
SenatorTester,515822213,74.375,0.2666666666666666
Yost4Ohio,583804113,1.0,0.2666666666666666
ChrisCoonsforDE,823302838524739584,22.666666666666668,0.33333333333333337
MarioDBCamp,374816353,3.6666666666666665,0.33333333333333337
TomLeppert,123974480,1.0,0.33333333333333337
foxxforcongress,61608485,5.208333333333333,0.4
BeraForCongress,43986986,6.791666666666667,0.4
SenSusanCollins,13529632,33.541666666666664,0.4
RepGaramendi,88806753,58.29166666666666,0.4
RepKirkpatrick,1081240074946252801,114.33333333333331,0.4
MaryLandrieu,944917346,1.0,0.4
GovernorVA,104198706,10.125,0.4
SenatorBegich,83901492,1.0,0.4666666666666667
sandyforsenate,293582372,1.0,0.4666666666666667
SeanCasten,66804351,135.41666666666666,0.4666666666666667
RepComstock,2933760046,1.0,0.4666666666666667
PatRoberts,586730005,1.2083333333333333,0.4666666666666667
MikeTurnerOH,380498919,5.833333333333333,0.4666666666666667
AnnLWagner,219010139,32.625,0.4666666666666667
TedYoho,274164368,1.0,0.4666666666666667
johnthune,26533227,0.0416666666666666,0.5333333333333334
ClyburnSC06,2389877058,10.041666666666666,0.5333333333333332
CollinsforGA,343358379,68.75,0.5333333333333332
DanCrenshawTX,930552552302792705,80.375,0.5333333333333334
DavidCCrowley,3438774495,23.166666666666668,0.5333333333333332
GeorgeHolding,334245076,0.2916666666666667,0.5333333333333334
RobertPittenger,497094511,0.5416666666666666,0.5333333333333334
TomTiffanyWI,3389296557,25.58333333333333,0.5999999999999999
MattBevin,1404269089,9.833333333333334,0.6666666666666667
ElectSheriGallo,794403041759768576,1.0,0.6666666666666667
sjl4hrc,4002888226,0.2916666666666667,0.6666666666666667
JohnsonLeads,81207735,4.333333333333333,0.6666666666666667
tomkean,78033328,31.08333333333333,0.6666666666666667
LoisFrankel,349296252,16.25,0.7333333333333334
SenBillCassidy,1017500185356853248,135.41666666666666,0.7999999999999999
repdarrellissa,63650107,44.91666666666666,0.7999999999999999
DaveJoyceOH14,727242919,18.70833333333333,0.0
CarolynBMaloney,119250381,131.25,0.0
AssociatedPress,49304503,16.625,0.0
iamsamb,102581496,1.0,0.09999999999999998
JohnBelEdwards,1217037967,5.541666666666667,0.09999999999999998
spmaloney,26283468,12.791666666666666,0.09999999999999998
ScottPetersSD,292594517,30.0,0.09999999999999998
NeeraTanden46,1396846777173676033,11.666666666666666,0.09999999999999998
KathyCastorFL,756123897783808000,59.125,0.19999999999999996
CarolMillerWV,841994444,1.0833333333333333,0.19999999999999996
IAGovernor,851808935397011456,37.41666666666666,0.19999999999999996
EugeneKRobinson,2984869245,1.9166666666666667,0.19999999999999996
MarkUdall2014,1287334873,1.0,0.19999999999999996
barrassoforwyo,499268312,28.666666666666668,0.30000000000000004
KateBrownForOR,415117361,2.4166666666666665,0.30000000000000004
DeGette5280,952540201,21.791666666666668,0.30000000000000004
TedDeutch,65541270,33.75,0.30000000000000004
Lizzie4Congress,857009033882083329,23.20833333333333,0.30000000000000004
MarkwayneMullin,366304362,20.95833333333333,0.30000000000000004
JerryNadler,408816873,5.083333333333333,0.30000000000000004
ORDOJ,1009663466,30.291666666666668,0.30000000000000004
Schneider4IL10,278005891,21.5,0.30000000000000004
TinaSmithMN,47724293,67.16666666666667,0.30000000000000004
SpanbergerVA07,882958562296819714,79.0,0.30000000000000004
genebsperling,3882727697,111.875,0.30000000000000004
Troy_Balderson,603083228,15.041666666666666,0.4
JoyceBeatty,582070020,43.583333333333336,0.3999999999999999
stevebullockmt,1235630338875052034,29.916666666666668,0.3999999999999999
valdemings,3404875323,25.791666666666668,0.3999999999999999
tndesjarlais,27775884,6.458333333333333,0.3999999999999999
RepKManning,1337115670161608712,52.79166666666666,0.4
Donald_McEachin,459051498,31.33333333333333,0.4
TeamCMR,130733698,8.208333333333334,0.4
SenGaryPeters,236511574,93.54166666666669,0.4
AdamSchiff,133028836,29.875,0.4
RepDMP,1080941062028447744,70.20833333333333,0.4
SecRaimondo,1364614306256412679,59.16666666666666,0.2823529411764706
SecFudge,1369343440534855681,40.083333333333336,0.31999999999999995
VoteMarsha,63150856,112.45833333333331,0.54
SecBecerra,1372581976117481479,28.5,0.1333333333333333
MaloneyforNY,1002547959865708544,1.0,0.09999999999999998
